<?xml version="1.0" encoding="utf-8"?>
<edmx:Edmx Version="3.0" xmlns:edmx="http://schemas.microsoft.com/ado/2009/11/edmx">
 <!-- EF Designer content (DO NOT EDIT MANUALLY BELOW HERE) -->
  <edmx:Designer xmlns="http://schemas.microsoft.com/ado/2009/11/edmx">
    <!-- Diagram content (shape and connector positions) -->
    <edmx:Diagrams>
      <Diagram DiagramId="3d54efc24b2e4ca694995035eb59bd20" Name="Diagram1">
        <EntityTypeShape EntityType="db_zoologicoModel.Animales" Width="1.5" PointX="0.75" PointY="1" IsExpanded="true" />
        <EntityTypeShape EntityType="db_zoologicoModel.Enfermeria" Width="1.5" PointX="3" PointY="1.375" IsExpanded="true" />
        <EntityTypeShape EntityType="db_zoologicoModel.Usuarios" Width="1.5" PointX="0.75" PointY="4.75" IsExpanded="true" />
        <EntityTypeShape EntityType="db_zoologicoModel.Reporte" Width="1.5" PointX="2.75" PointY="4.75" IsExpanded="true" />
        <AssociationConnector Association="db_zoologicoModel.FK_Enfermeria_Animales" ManuallyRouted="false" />
      </Diagram>
    </edmx:Diagrams>
  </edmx:Designer>
</edmx:Edmx>